0,1
images/train_set/dy6kmd.png,dy6kmd
images/train_set/s7hd.png,s7hd
images/train_set/3pnp.png,3pnp
images/train_set/88cm.png,88cm
images/train_set/stlpty.png,stlpty
images/train_set/pwcy.png,pwcy
images/train_set/y2ltr.png,y2ltr
images/train_set/g3ztm.png,g3ztm
images/train_set/n5vwae.png,n5vwae
images/train_set/ek2u.png,ek2u
images/train_set/hu8z4.png,hu8z4
images/train_set/yzeahw.png,yzeahw
images/train_set/gal9ep.png,gal9ep
images/train_set/2b8n6.png,2b8n6
images/train_set/zs6pm4.png,zs6pm4
images/train_set/85kf.png,85kf
images/train_set/rhg3g.png,rhg3g
images/train_set/tldets.png,tldets
images/train_set/ednu2.png,ednu2
images/train_set/crrh.png,crrh
images/train_set/hmhmt.png,hmhmt
images/train_set/sb6lhg.png,sb6lhg
images/train_set/fky4.png,fky4
images/train_set/fnrcu6.png,fnrcu6
images/train_set/2zvgz.png,2zvgz
images/train_set/rk5d.png,rk5d
images/train_set/cvhdcn.png,cvhdcn
images/train_set/4ctv.png,4ctv
images/train_set/n4pm.png,n4pm
images/train_set/eu5wa.png,eu5wa
images/train_set/zvvf.png,zvvf
images/train_set/psaylv.png,psaylv
images/train_set/4kr8br.png,4kr8br
images/train_set/stpus.png,stpus
images/train_set/te8w.png,te8w
images/train_set/ambncs.png,ambncs
images/train_set/8d4el.png,8d4el
images/train_set/6mcwvd.png,6mcwvd
images/train_set/nvuva.png,nvuva
images/train_set/h3d5m4.png,h3d5m4
images/train_set/c2w7.png,c2w7
images/train_set/v7uwla.png,v7uwla
images/train_set/ghdpd5.png,ghdpd5
images/train_set/55cv.png,55cv
images/train_set/zla5.png,zla5
images/train_set/crm3r.png,crm3r
images/train_set/f2ggv.png,f2ggv
images/train_set/e8th.png,e8th
images/train_set/eh53.png,eh53
images/train_set/fan2.png,fan2
images/train_set/2scnp2.png,2scnp2
images/train_set/fw3m.png,fw3m
images/train_set/5nly9b.png,5nly9b
images/train_set/fy2t.png,fy2t
images/train_set/gc6m6w.png,gc6m6w
images/train_set/g273b.png,g273b
images/train_set/r8za4v.png,r8za4v
images/train_set/lb28f.png,lb28f
images/train_set/ns3s.png,ns3s
images/train_set/ka7cd.png,ka7cd
images/train_set/8ytkel.png,8ytkel
images/train_set/8cdsae.png,8cdsae
images/train_set/6mecp.png,6mecp
images/train_set/flght9.png,flght9
images/train_set/vwyeu8.png,vwyeu8
images/train_set/kavbcg.png,kavbcg
images/train_set/lln7b.png,lln7b
images/train_set/ssee.png,ssee
images/train_set/tgtkl.png,tgtkl
images/train_set/yyrhn.png,yyrhn
images/train_set/nh3b4y.png,nh3b4y
images/train_set/u2pbd.png,u2pbd
images/train_set/tahm.png,tahm
images/train_set/f6kn.png,f6kn
images/train_set/clzr.png,clzr
images/train_set/6f36.png,6f36
images/train_set/ubed.png,ubed
images/train_set/zup4ls.png,zup4ls
images/train_set/5g6l7.png,5g6l7
images/train_set/ndd6v.png,ndd6v
images/train_set/5s22.png,5s22
images/train_set/fybar.png,fybar
images/train_set/kvnnh5.png,kvnnh5
images/train_set/5z6hd0.png,5z6hd0
images/train_set/9hbpfz.png,9hbpfz
images/train_set/yet5.png,yet5
images/train_set/5aszmz.png,5aszmz
images/train_set/u842.png,u842
images/train_set/tyegm.png,tyegm
images/train_set/e3kreh.png,e3kreh
images/train_set/bv6zy.png,bv6zy
images/train_set/8lsz6.png,8lsz6
images/train_set/b7pz.png,b7pz
images/train_set/zpua.png,zpua
images/train_set/e9hmy6.png,e9hmy6
images/train_set/4rlz.png,4rlz
images/train_set/wz3kb.png,wz3kb
images/train_set/8c9pm6.png,8c9pm6
images/train_set/duyvf5.png,duyvf5
images/train_set/f6bbd.png,f6bbd
images/train_set/kgzca.png,kgzca
images/train_set/mhb9.png,mhb9
images/train_set/6w2c.png,6w2c
images/train_set/6mzcg6.png,6mzcg6
images/train_set/kkdmv.png,kkdmv
images/train_set/22fe4t.png,22fe4t
images/train_set/ksar.png,ksar
images/train_set/dew2.png,dew2
images/train_set/35psz9.png,35psz9
images/train_set/ewfgzd.png,ewfgzd
images/train_set/yn5l.png,yn5l
images/train_set/u3he.png,u3he
images/train_set/gvgc.png,gvgc
images/train_set/w78cgy.png,w78cgy
images/train_set/g677g.png,g677g
images/train_set/dmwn.png,dmwn
images/train_set/f3r9es.png,f3r9es
images/train_set/c57f.png,c57f
images/train_set/2lkw.png,2lkw
images/train_set/pwgpn.png,pwgpn
images/train_set/b6hhtu.png,b6hhtu
images/train_set/ymyv6.png,ymyv6
images/train_set/zbwtb.png,zbwtb
images/train_set/yd962.png,yd962
images/train_set/tsyyft.png,tsyyft
images/train_set/he7ru.png,he7ru
images/train_set/wgd7.png,wgd7
images/train_set/b4y9y.png,b4y9y
images/train_set/mv4ff.png,mv4ff
images/train_set/l9fz8w.png,l9fz8w
images/train_set/m4yd.png,m4yd
images/train_set/y29z.png,y29z
images/train_set/ba95.png,ba95
images/train_set/ne5lrp.png,ne5lrp
images/train_set/g3t3.png,g3t3
images/train_set/fmue8f.png,fmue8f
images/train_set/jbwlhn.png,jbwlhn
images/train_set/d6rf.png,d6rf
images/train_set/r7td2.png,r7td2
images/train_set/b6u6.png,b6u6
images/train_set/hzz2.png,hzz2
images/train_set/mhfr2.png,mhfr2
images/train_set/az29d.png,az29d
images/train_set/u8syz.png,u8syz
images/train_set/r9c3s.png,r9c3s
images/train_set/2mesz3.png,2mesz3
images/train_set/b85g3b.png,b85g3b
images/train_set/d7py5.png,d7py5
images/train_set/y97ygv.png,y97ygv
images/train_set/ct9vh.png,ct9vh
images/train_set/dhsdv.png,dhsdv
images/train_set/l47h5.png,l47h5
images/train_set/plwb6f.png,plwb6f
images/train_set/h9f3vy.png,h9f3vy
images/train_set/6ywu.png,6ywu
images/train_set/2v28er.png,2v28er
images/train_set/ggh6s.png,ggh6s
images/train_set/pp5yd.png,pp5yd
images/train_set/ueh4vy.png,ueh4vy
images/train_set/d2n3.png,d2n3
images/train_set/cw4ckw.png,cw4ckw
images/train_set/5hv3k.png,5hv3k
images/train_set/c4zbud.png,c4zbud
images/train_set/b63m.png,b63m
images/train_set/vub3.png,vub3
images/train_set/hc87b.png,hc87b
images/train_set/llarm7.png,llarm7
images/train_set/2kpp66.png,2kpp66
images/train_set/v8vsp7.png,v8vsp7
images/train_set/483edy.png,483edy
images/train_set/l2lw.png,l2lw
images/train_set/h3p6d.png,h3p6d
images/train_set/6hur.png,6hur
images/train_set/ul8gs.png,ul8gs
images/train_set/tmalp.png,tmalp
images/train_set/dbv8lw.png,dbv8lw
images/train_set/6d8yw6.png,6d8yw6
images/train_set/u4hsub.png,u4hsub
images/train_set/ltf2c.png,ltf2c
